<?xml version="1.0" encoding="UTF-8"?>
<!DOCTYPE ejb-jar PUBLIC "-//Sun Microsystems, Inc.//DTD Enterprise JavaBeans 2.0//EN" "http://java.sun.com/dtd/ejb-jar_2_0.dtd">
<ejb-jar>
    <enterprise-beans>
        <message-driven>
            <display-name>Moderador</display-name>
            <ejb-name>Moderador</ejb-name>
            <ejb-class>chat.ejb.ModeradorBean</ejb-class>
            <transaction-type>Container</transaction-type>
            <message-driven-destination>
                <destination-type>javax.jms.Topic</destination-type>
            </message-driven-destination>
        </message-driven>
        <message-driven>
            <display-name>Redirecionador</display-name>
            <ejb-name>Redirecionador</ejb-name>
            <ejb-class>chat.ejb.RedirecionadorBean</ejb-class>
            <transaction-type>Container</transaction-type>
            <message-driven-destination>
                <destination-type>javax.jms.Queue</destination-type>
            </message-driven-destination>
        </message-driven>
    </enterprise-beans>
    <assembly-descriptor>
        <container-transaction>
            <method>
                <ejb-name>Moderador</ejb-name>
                <method-name>*</method-name>
            </method>
            <trans-attribute>Required</trans-attribute>
        </container-transaction>
        <container-transaction>
            <method>
                <ejb-name>Redirecionador</ejb-name>
                <method-name>*</method-name>
            </method>
            <trans-attribute>Required</trans-attribute>
        </container-transaction>
    </assembly-descriptor>
</ejb-jar>