<?xml version="1.0" encoding="UTF-8" ?>

<!DOCTYPE ejb-jar PUBLIC
   "-//Sun Microsystems, Inc.//DTD Enterprise JavaBeans 2.0//EN"
   "http://java.sun.com/j2ee/dtds/ejb-jar_2_0.dtd">

<ejb-jar>

  <description>HelloWorld</description>

  <enterprise-beans>

    <session>
      <ejb-name>HelloWorld</ejb-name>
      <home>helloworld.HelloWorldHome</home>
      <remote>helloworld.HelloWorld</remote>
      <ejb-class>helloworld.HelloWorldBean</ejb-class>
      <session-type>Stateless</session-type>
      <transaction-type>Container</transaction-type>
    </session>

  </enterprise-beans>

  <assembly-descriptor>

    <container-transaction>
      <method>
        <ejb-name>HelloWorld</ejb-name>
        <method-name>*</method-name>
      </method>
      <trans-attribute>Supports</trans-attribute>
    </container-transaction>

  </assembly-descriptor>

</ejb-jar>
