<!DOCTYPE struts-config PUBLIC "-//Apache Software Foundation//DTD Struts Configuration 1.1//EN" "/WEB-INF/struts-config_1_2.dtd">
<struts-config>
  <form-beans type="org.apache.struts.action.ActionFormBean">
    <form-bean name="usuarioForm" type="br.ufs.sisped.ui.usuario.UsuarioForm" />
    <form-bean name="alterarSenhaForm" type="br.ufs.sisped.ui.usuario.AlterarSenhaForm" />
  </form-beans>

  <global-forwards type="org.apache.struts.action.ActionForward">
    <forward name="general-error" path="/error.jsp" redirect="true" />
  </global-forwards>

  <action-mappings type="org.apache.struts.action.ActionMapping">

    <action name="usuarioForm" type="br.ufs.sisped.ui.usuario.CreateUsuarioAction" validate="true" scope="request" path="/createUsuarioAction" unknown="false" input="/principal/usuario/cadUsuario.jsp">
      <forward name="confirm" path="/usuario/confirm.jsp" redirect="true" />
    </action>

    <action name="alterarSenhaForm" type="br.ufs.sisped.ui.usuario.UpdateSenhaAction" validate="true" input="/principal/usuario/altSenha.jsp" scope="request" path="/updateSenhaAction">
      <forward name="confirm" path="/usuario/confirmAltSenha.jsp" redirect="true" />
    </action>
  </action-mappings>
  <message-resources null="true" parameter="MyResources" />

</struts-config>
