<?xml version="1.0" encoding="UTF-8"?>
<!DOCTYPE jndi-definitions PUBLIC "-//Borland Corporation//DTD JndiDefinitions//EN" "http://www.borland.com/devsupport/appserver/dtds/jndi-definitions.dtd">
<jndi-definitions>
    <visitransact-datasource>
        <jndi-name>serial://datasources/MySQL</jndi-name>
        <driver-datasource-jndiname>serial://datasources/driverMySQL</driver-datasource-jndiname>
        <property>
            <prop-name>connectionType</prop-name>
            <prop-type>Enumerated</prop-type>
            <prop-value>Direct</prop-value>
        </property>
        <property>
            <prop-name>dialect</prop-name>
            <prop-type>Enumerated</prop-type>
            <prop-value>none</prop-value>
        </property>
    </visitransact-datasource>
    <driver-datasource>
        <jndi-name>serial://datasources/driverMySQL</jndi-name>
        <datasource-class-name>com.inprise.visitransact.jdbc1w2.InpriseConnectionPoolDataSource</datasource-class-name>
        <property>
            <prop-name>user</prop-name>
            <prop-type>String</prop-type>
            <prop-value>marcio</prop-value>
        </property>
        <property>
            <prop-name>password</prop-name>
            <prop-type>String</prop-type>
            <prop-value>marcio</prop-value>
        </property>
        <property>
            <prop-name>url</prop-name>
            <prop-type>String</prop-type>
            <prop-value>jdbc:mysql://zeus:3306/mini_sisped</prop-value>
        </property>
        <property>
            <prop-name>driverClassName</prop-name>
            <prop-type>String</prop-type>
            <prop-value>com.mysql.jdbc.Driver</prop-value>
        </property>
    </driver-datasource>
</jndi-definitions>
