<?xml version="1.0" encoding="UTF-8"?>

<!-- ===================================================================== -->
<!--                                                                       -->
<!--  JBoss Server Configuration                                           -->
<!--                                                                       -->
<!-- ===================================================================== -->

<!-- $Id: mssql-ds.xml,v 1.1.2.1 2003/09/05 16:38:24 patriot1burke Exp $ -->

  <!-- ======================================================================-->
  <!-- New ConnectionManager setup for Microsoft SQL Server 2000  driver     -->
  <!-- You may download the latest Microsoft JDBC driver from *Microsoft*    -->
  <!-- http://msdn.microsoft.com/downloads/default.asp?url=/downloads/sample.asp?url=/MSDN-FILES/027/001/779/msdncompositedoc.xml&frame=true -->
  <!-- ===================================================================== -->

<datasources>
  <local-tx-datasource>
    <jndi-name>CursoJ2EE</jndi-name>
    <connection-url>jdbc:microsoft:sqlserver://machadinho:1433;DatabaseName=J2EE</connection-url>
    <driver-class>com.microsoft.jdbc.sqlserver.SQLServerDriver</driver-class>
    <user-name>j2ee</user-name>
    <password>j2ee</password>
  </local-tx-datasource>

</datasources>
