<?xml version="1.0" encoding="UTF-8"?>
<!DOCTYPE jbosscmp-jdbc PUBLIC "-//JBoss//DTD JBOSSCMP-JDBC 3.2//EN" "http://www.jboss.org/j2ee/dtd/jbosscmp-jdbc_3_2.dtd">
<jbosscmp-jdbc>
    <defaults>
        <datasource>java:/DCCE2</datasource>
        <datasource-mapping>MS SQLSERVER</datasource-mapping>
        <create-table>false</create-table>
        <remove-table>false</remove-table>
        <read-only>false</read-only>
    </defaults>
    <enterprise-beans>
        <entity>
            <ejb-name>Aluno</ejb-name>
            <table-name>alun</table-name>
            <cmp-field>
                <field-name>matricula</field-name>
                <column-name>matricula</column-name>
            </cmp-field>
            <cmp-field>
                <field-name>nome</field-name>
                <column-name>nome</column-name>
            </cmp-field>
            <cmp-field>
                <field-name>situacao</field-name>
                <column-name>situacao</column-name>
            </cmp-field>
            <cmp-field>
                <field-name>curso</field-name>
                <column-name>curso</column-name>
            </cmp-field>
        </entity>
        <entity>
            <ejb-name>Curso</ejb-name>
            <table-name>curso</table-name>
            <cmp-field>
                <field-name>codigo</field-name>
                <column-name>codigo</column-name>
            </cmp-field>
            <cmp-field>
                <field-name>nome</field-name>
                <column-name>nome</column-name>
            </cmp-field>
        </entity>
        <entity>
            <ejb-name>Disc</ejb-name>
            <table-name>disc</table-name>
            <cmp-field>
                <field-name>codigo</field-name>
                <column-name>codigo</column-name>
            </cmp-field>
            <cmp-field>
                <field-name>nome</field-name>
                <column-name>nome</column-name>
            </cmp-field>
            <cmp-field>
                <field-name>creditos</field-name>
                <column-name>creditos</column-name>
            </cmp-field>
            <cmp-field>
                <field-name>departamento</field-name>
                <column-name>departamento</column-name>
            </cmp-field>
        </entity>
        <entity>
            <ejb-name>Ditu</ejb-name>
            <table-name>ditu</table-name>
            <cmp-field>
                <field-name>turma</field-name>
                <column-name>turma</column-name>
            </cmp-field>
            <cmp-field>
                <field-name>disciplina</field-name>
                <column-name>disciplina</column-name>
            </cmp-field>
            <cmp-field>
                <field-name>ano</field-name>
                <column-name>ano</column-name>
            </cmp-field>
            <cmp-field>
                <field-name>periodo</field-name>
                <column-name>periodo</column-name>
            </cmp-field>
        </entity>
        <entity>
            <ejb-name>Doce</ejb-name>
            <table-name>doce</table-name>
            <cmp-field>
                <field-name>matricula</field-name>
                <column-name>matricula</column-name>
            </cmp-field>
            <cmp-field>
                <field-name>nome</field-name>
                <column-name>nome</column-name>
            </cmp-field>
        </entity>
        <entity>
            <ejb-name>Hist</ejb-name>
            <table-name>hist</table-name>
            <cmp-field>
                <field-name>disc</field-name>
                <column-name>disc</column-name>
            </cmp-field>
            <cmp-field>
                <field-name>turma</field-name>
                <column-name>turma</column-name>
            </cmp-field>
            <cmp-field>
                <field-name>ano</field-name>
                <column-name>ano</column-name>
            </cmp-field>
            <cmp-field>
                <field-name>periodo</field-name>
                <column-name>periodo</column-name>
            </cmp-field>
            <cmp-field>
                <field-name>aluno</field-name>
                <column-name>aluno</column-name>
            </cmp-field>
            <cmp-field>
                <field-name>situacao</field-name>
                <column-name>situacao</column-name>
            </cmp-field>
        </entity>
        <entity>
            <ejb-name>Hora</ejb-name>
            <table-name>hora</table-name>
            <cmp-field>
                <field-name>disciplina</field-name>
                <column-name>disciplina</column-name>
            </cmp-field>
            <cmp-field>
                <field-name>turma</field-name>
                <column-name>turma</column-name>
            </cmp-field>
            <cmp-field>
                <field-name>periodo</field-name>
                <column-name>periodo</column-name>
            </cmp-field>
            <cmp-field>
                <field-name>ano</field-name>
                <column-name>ano</column-name>
            </cmp-field>
            <cmp-field>
                <field-name>docente</field-name>
                <column-name>docente</column-name>
            </cmp-field>
        </entity>
        <entity>
            <ejb-name>UsuarioSistemas</ejb-name>
            <table-name>usuario_sistemas</table-name>
            <cmp-field>
                <field-name>id</field-name>
                <column-name>id</column-name>
            </cmp-field>
            <cmp-field>
                <field-name>tipo</field-name>
                <column-name>tipo</column-name>
            </cmp-field>
            <cmp-field>
                <field-name>senha</field-name>
                <column-name>senha</column-name>
            </cmp-field>
            <cmp-field>
                <field-name>email</field-name>
                <column-name>email</column-name>
            </cmp-field>
            <cmp-field>
                <field-name>tentativasAcesso</field-name>
                <column-name>tentativas_acesso</column-name>
            </cmp-field>
            <cmp-field>
                <field-name>bloqueado</field-name>
                <column-name>bloqueado</column-name>
            </cmp-field>
        </entity>
        <entity>
            <ejb-name>DoceAtivo</ejb-name>
            <table-name>doce_ativo</table-name>
            <cmp-field>
                <field-name>matricula</field-name>
                <column-name>matricula</column-name>
            </cmp-field>
            <cmp-field>
                <field-name>vinculo</field-name>
                <column-name>vinculo</column-name>
            </cmp-field>
            <cmp-field>
                <field-name>titulacao</field-name>
                <column-name>titulacao</column-name>
            </cmp-field>
            <cmp-field>
                <field-name>email</field-name>
                <column-name>email</column-name>
            </cmp-field>
            <cmp-field>
                <field-name>linkHomepage</field-name>
                <column-name>link_homepage</column-name>
            </cmp-field>
            <cmp-field>
                <field-name>linkLattes</field-name>
                <column-name>link_lattes</column-name>
            </cmp-field>
            <cmp-field>
                <field-name>telefones</field-name>
                <column-name>telefones</column-name>
            </cmp-field>
        </entity>
        <entity>
            <ejb-name>EmailCadastrado</ejb-name>
            <table-name>email_cadastrado</table-name>
            <cmp-field>
                <field-name>id</field-name>
                <column-name>id</column-name>
            </cmp-field>
            <cmp-field>
                <field-name>tipo</field-name>
                <column-name>tipo</column-name>
            </cmp-field>
            <cmp-field>
                <field-name>email</field-name>
                <column-name>email</column-name>
            </cmp-field>
            <cmp-field>
                <field-name>dataCadastro</field-name>
                <column-name>data_cadastro</column-name>
            </cmp-field>
            <cmp-field>
                <field-name>dataAtualizado</field-name>
                <column-name>data_atualizado</column-name>
            </cmp-field>
        </entity>
        <entity>
            <ejb-name>FormAvDoceEstProb</ejb-name>
            <table-name>form_av_doce_est_prob</table-name>
            <cmp-field>
                <field-name>codigoAvaliacao</field-name>
                <column-name>codigo_avaliacao</column-name>
            </cmp-field>
            <cmp-field>
                <field-name>matrAluno</field-name>
                <column-name>matr_aluno</column-name>
            </cmp-field>
            <cmp-field>
                <field-name>dataPreenchimento</field-name>
                <column-name>data_preenchimento</column-name>
            </cmp-field>
            <cmp-field>
                <field-name>resp11</field-name>
                <column-name>resp_1_1</column-name>
            </cmp-field>
            <cmp-field>
                <field-name>resp12</field-name>
                <column-name>resp_1_2</column-name>
            </cmp-field>
            <cmp-field>
                <field-name>resp13</field-name>
                <column-name>resp_1_3</column-name>
            </cmp-field>
            <cmp-field>
                <field-name>resp21</field-name>
                <column-name>resp_2_1</column-name>
            </cmp-field>
            <cmp-field>
                <field-name>resp22</field-name>
                <column-name>resp_2_2</column-name>
            </cmp-field>
            <cmp-field>
                <field-name>resp23</field-name>
                <column-name>resp_2_3</column-name>
            </cmp-field>
            <cmp-field>
                <field-name>resp24</field-name>
                <column-name>resp_2_4</column-name>
            </cmp-field>
            <cmp-field>
                <field-name>resp25</field-name>
                <column-name>resp_2_5</column-name>
            </cmp-field>
            <cmp-field>
                <field-name>resp26</field-name>
                <column-name>resp_2_6</column-name>
            </cmp-field>
            <cmp-field>
                <field-name>resp31</field-name>
                <column-name>resp_3_1</column-name>
            </cmp-field>
            <cmp-field>
                <field-name>resp32</field-name>
                <column-name>resp_3_2</column-name>
            </cmp-field>
            <cmp-field>
                <field-name>resp41</field-name>
                <column-name>resp_4_1</column-name>
            </cmp-field>
            <cmp-field>
                <field-name>resp42</field-name>
                <column-name>resp_4_2</column-name>
            </cmp-field>
            <cmp-field>
                <field-name>resp51</field-name>
                <column-name>resp_5_1</column-name>
            </cmp-field>
            <cmp-field>
                <field-name>resp52</field-name>
                <column-name>resp_5_2</column-name>
            </cmp-field>
            <cmp-field>
                <field-name>resp53</field-name>
                <column-name>resp_5_3</column-name>
            </cmp-field>
            <cmp-field>
                <field-name>resp54</field-name>
                <column-name>resp_5_4</column-name>
            </cmp-field>
        </entity>
        <entity>
            <ejb-name>DoceEstProb</ejb-name>
            <table-name>doce_est_prob</table-name>
            <cmp-field>
                <field-name>matricula</field-name>
                <column-name>matricula</column-name>
            </cmp-field>
            <cmp-field>
                <field-name>concluido</field-name>
                <column-name>concluido</column-name>
            </cmp-field>
        </entity>
        <entity>
            <ejb-name>FormAvCurso</ejb-name>
            <table-name>form_av_curso</table-name>
            <cmp-field>
                <field-name>codigoAvaliacao</field-name>
                <column-name>codigo_avaliacao</column-name>
            </cmp-field>
            <cmp-field>
                <field-name>matrAluno</field-name>
                <column-name>matr_aluno</column-name>
            </cmp-field>
            <cmp-field>
                <field-name>dataPreenchimento</field-name>
                <column-name>data_preenchimento</column-name>
            </cmp-field>
            <cmp-field>
                <field-name>resp01</field-name>
                <column-name>resp_01</column-name>
            </cmp-field>
            <cmp-field>
                <field-name>resp02</field-name>
                <column-name>resp_02</column-name>
            </cmp-field>
            <cmp-field>
                <field-name>resp03</field-name>
                <column-name>resp_03</column-name>
            </cmp-field>
            <cmp-field>
                <field-name>resp04</field-name>
                <column-name>resp_04</column-name>
            </cmp-field>
            <cmp-field>
                <field-name>resp05</field-name>
                <column-name>resp_05</column-name>
            </cmp-field>
            <cmp-field>
                <field-name>resp06</field-name>
                <column-name>resp_06</column-name>
            </cmp-field>
            <cmp-field>
                <field-name>resp07</field-name>
                <column-name>resp_07</column-name>
            </cmp-field>
            <cmp-field>
                <field-name>resp08</field-name>
                <column-name>resp_08</column-name>
            </cmp-field>
            <cmp-field>
                <field-name>resp09</field-name>
                <column-name>resp_09</column-name>
            </cmp-field>
            <cmp-field>
                <field-name>resp10</field-name>
                <column-name>resp_10</column-name>
            </cmp-field>
            <cmp-field>
                <field-name>resp11</field-name>
                <column-name>resp_11</column-name>
            </cmp-field>
            <cmp-field>
                <field-name>resp12</field-name>
                <column-name>resp_12</column-name>
            </cmp-field>
            <cmp-field>
                <field-name>resp13</field-name>
                <column-name>resp_13</column-name>
            </cmp-field>
            <cmp-field>
                <field-name>resp14</field-name>
                <column-name>resp_14</column-name>
            </cmp-field>
            <cmp-field>
                <field-name>pontosFortes</field-name>
                <column-name>pontos_fortes</column-name>
            </cmp-field>
            <cmp-field>
                <field-name>pontosFracos</field-name>
                <column-name>pontos_fracos</column-name>
            </cmp-field>
            <cmp-field>
                <field-name>sugestoesMelhorias</field-name>
                <column-name>sugestoes_melhorias</column-name>
            </cmp-field>
        </entity>
        <entity>
            <ejb-name>FormAvDoce</ejb-name>
            <table-name>form_av_doce</table-name>
            <cmp-field>
                <field-name>codigoAvaliacao</field-name>
                <column-name>codigo_avaliacao</column-name>
            </cmp-field>
            <cmp-field>
                <field-name>matrDoce</field-name>
                <column-name>matr_doce</column-name>
            </cmp-field>
            <cmp-field>
                <field-name>matrAluno</field-name>
                <column-name>matr_aluno</column-name>
            </cmp-field>
            <cmp-field>
                <field-name>dataPreenchimento</field-name>
                <column-name>data_preenchimento</column-name>
            </cmp-field>
            <cmp-field>
                <field-name>resp01</field-name>
                <column-name>resp_01</column-name>
            </cmp-field>
            <cmp-field>
                <field-name>resp02</field-name>
                <column-name>resp_02</column-name>
            </cmp-field>
            <cmp-field>
                <field-name>resp03</field-name>
                <column-name>resp_03</column-name>
            </cmp-field>
            <cmp-field>
                <field-name>resp04</field-name>
                <column-name>resp_04</column-name>
            </cmp-field>
            <cmp-field>
                <field-name>resp05</field-name>
                <column-name>resp_05</column-name>
            </cmp-field>
            <cmp-field>
                <field-name>resp06</field-name>
                <column-name>resp_06</column-name>
            </cmp-field>
            <cmp-field>
                <field-name>resp07</field-name>
                <column-name>resp_07</column-name>
            </cmp-field>
            <cmp-field>
                <field-name>resp08</field-name>
                <column-name>resp_08</column-name>
            </cmp-field>
            <cmp-field>
                <field-name>resp09</field-name>
                <column-name>resp_09</column-name>
            </cmp-field>
            <cmp-field>
                <field-name>resp11</field-name>
                <column-name>resp_11</column-name>
            </cmp-field>
            <cmp-field>
                <field-name>resp10</field-name>
                <column-name>resp_10</column-name>
            </cmp-field>
            <cmp-field>
                <field-name>resp12</field-name>
                <column-name>resp_12</column-name>
            </cmp-field>
            <cmp-field>
                <field-name>resp13</field-name>
                <column-name>resp_13</column-name>
            </cmp-field>
            <cmp-field>
                <field-name>resp14</field-name>
                <column-name>resp_14</column-name>
            </cmp-field>
        </entity>
        <entity>
            <ejb-name>AvCursoDoce</ejb-name>
            <table-name>av_curso_doce</table-name>
            <cmp-field>
                <field-name>codigo</field-name>
                <column-name>codigo</column-name>
            </cmp-field>
            <cmp-field>
                <field-name>ano</field-name>
                <column-name>ano</column-name>
            </cmp-field>
            <cmp-field>
                <field-name>periodo</field-name>
                <column-name>periodo</column-name>
            </cmp-field>
            <cmp-field>
                <field-name>situacao</field-name>
                <column-name>situacao</column-name>
            </cmp-field>
        </entity>
        <entity>
            <ejb-name>AvDocEstProb</ejb-name>
            <table-name>av_doc_est_prob</table-name>
            <cmp-field>
                <field-name>codigo</field-name>
                <column-name>codigo</column-name>
            </cmp-field>
            <cmp-field>
                <field-name>ano</field-name>
                <column-name>ano</column-name>
            </cmp-field>
            <cmp-field>
                <field-name>periodo</field-name>
                <column-name>periodo</column-name>
            </cmp-field>
            <cmp-field>
                <field-name>matrDoce</field-name>
                <column-name>matr_doce</column-name>
            </cmp-field>
            <cmp-field>
                <field-name>matrOrientador</field-name>
                <column-name>matr_orientador</column-name>
            </cmp-field>
            <cmp-field>
                <field-name>situacao</field-name>
                <column-name>situacao</column-name>
            </cmp-field>
        </entity>
    </enterprise-beans>
</jbosscmp-jdbc>
