<?xml version="1.0" encoding="UTF-8"?>
<!DOCTYPE jboss PUBLIC "-//JBoss//DTD JBOSS 3.2//EN" "http://www.jboss.org/j2ee/dtd/jboss_3_2.dtd">
<jboss>
    <enterprise-beans>
        <entity>
            <ejb-name>Aluno</ejb-name>
            <jndi-name>DCCE1.AlunoRemote</jndi-name>
            <local-jndi-name>DCCE1.Aluno</local-jndi-name>
        </entity>
        <entity>
            <ejb-name>Curso</ejb-name>
            <jndi-name>DCCE1.CursoRemote</jndi-name>
            <local-jndi-name>DCCE1.Curso</local-jndi-name>
        </entity>
        <entity>
            <ejb-name>Disc</ejb-name>
            <jndi-name>DCCE1.DiscRemote</jndi-name>
            <local-jndi-name>DCCE1.Disc</local-jndi-name>
        </entity>
        <entity>
            <ejb-name>Ditu</ejb-name>
            <jndi-name>DCCE1.DituRemote</jndi-name>
            <local-jndi-name>DCCE1.Ditu</local-jndi-name>
        </entity>
        <entity>
            <ejb-name>Doce</ejb-name>
            <jndi-name>DCCE1.DoceRemote</jndi-name>
            <local-jndi-name>DCCE1.Doce</local-jndi-name>
        </entity>
        <entity>
            <ejb-name>Hist</ejb-name>
            <jndi-name>DCCE1.HistRemote</jndi-name>
            <local-jndi-name>DCCE1.Hist</local-jndi-name>
        </entity>
        <entity>
            <ejb-name>Hora</ejb-name>
            <jndi-name>DCCE1.HoraRemote</jndi-name>
            <local-jndi-name>DCCE1.Hora</local-jndi-name>
        </entity>
        <entity>
            <ejb-name>UsuarioSistemas</ejb-name>
            <jndi-name>DCCE1.UsuarioSistemasRemote</jndi-name>
            <local-jndi-name>DCCE1.UsuarioSistemas</local-jndi-name>
        </entity>
        <entity>
            <ejb-name>DoceAtivo</ejb-name>
            <jndi-name>DCCE1.DoceAtivoRemote</jndi-name>
            <local-jndi-name>DCCE1.DoceAtivo</local-jndi-name>
        </entity>
        <entity>
            <ejb-name>EmailCadastrado</ejb-name>
            <jndi-name>DCCE1.EmailCadastradoRemote</jndi-name>
            <local-jndi-name>DCCE1.EmailCadastrado</local-jndi-name>
        </entity>
        <entity>
            <ejb-name>FormAvDoceEstProb</ejb-name>
            <jndi-name>DCCE1.FormAvDoceEstProbRemote</jndi-name>
            <local-jndi-name>DCCE1.FormAvDoceEstProb</local-jndi-name>
        </entity>
        <entity>
            <ejb-name>AvDocEstProb</ejb-name>
            <jndi-name>DCCE1.AvDocEstProbRemote</jndi-name>
            <local-jndi-name>DCCE1.AvDocEstProb</local-jndi-name>
        </entity>
        <entity>
            <ejb-name>DoceEstProb</ejb-name>
            <jndi-name>DCCE1.DoceEstProbRemote</jndi-name>
            <local-jndi-name>DCCE1.DoceEstProb</local-jndi-name>
        </entity>
        <entity>
            <ejb-name>AvCursoDoce</ejb-name>
            <jndi-name>DCCE1.AvCursoDoceRemote</jndi-name>
            <local-jndi-name>DCCE1.AvCursoDoce</local-jndi-name>
        </entity>
        <entity>
            <ejb-name>FormAvCurso</ejb-name>
            <jndi-name>DCCE1.FormAvCursoRemote</jndi-name>
            <local-jndi-name>DCCE1.FormAvCurso</local-jndi-name>
        </entity>
        <entity>
            <ejb-name>FormAvDoce</ejb-name>
            <jndi-name>DCCE1.FormAvDoceRemote</jndi-name>
            <local-jndi-name>DCCE1.FormAvDoce</local-jndi-name>
        </entity>
    </enterprise-beans>
</jboss>