<?xml version="1.0" encoding="UTF-8"?>
<!DOCTYPE jboss PUBLIC "-//JBoss//DTD JBOSS 3.2//EN" "http://www.jboss.org/j2ee/dtd/jboss_3_2.dtd">
<jboss>
    <enterprise-beans>
        <entity>
            <ejb-name>Aluno</ejb-name>
            <jndi-name>DCCE2.AlunoRemote</jndi-name>
            <local-jndi-name>DCCE2.Aluno</local-jndi-name>
        </entity>
        <entity>
            <ejb-name>Curso</ejb-name>
            <jndi-name>DCCE2.CursoRemote</jndi-name>
            <local-jndi-name>DCCE2.Curso</local-jndi-name>
        </entity>
        <entity>
            <ejb-name>Disc</ejb-name>
            <jndi-name>DCCE2.DiscRemote</jndi-name>
            <local-jndi-name>DCCE2.Disc</local-jndi-name>
        </entity>
        <entity>
            <ejb-name>Ditu</ejb-name>
            <jndi-name>DCCE2.DituRemote</jndi-name>
            <local-jndi-name>DCCE2.Ditu</local-jndi-name>
        </entity>
        <entity>
            <ejb-name>Doce</ejb-name>
            <jndi-name>DCCE2.DoceRemote</jndi-name>
            <local-jndi-name>DCCE2.Doce</local-jndi-name>
        </entity>
        <entity>
            <ejb-name>Hist</ejb-name>
            <jndi-name>DCCE2.HistRemote</jndi-name>
            <local-jndi-name>DCCE2.Hist</local-jndi-name>
        </entity>
        <entity>
            <ejb-name>Hora</ejb-name>
            <jndi-name>DCCE2.HoraRemote</jndi-name>
            <local-jndi-name>DCCE2.Hora</local-jndi-name>
        </entity>
        <entity>
            <ejb-name>UsuarioSistemas</ejb-name>
            <jndi-name>DCCE2.UsuarioSistemasRemote</jndi-name>
            <local-jndi-name>DCCE2.UsuarioSistemas</local-jndi-name>
        </entity>
        <entity>
            <ejb-name>DoceAtivo</ejb-name>
            <jndi-name>DCCE2.DoceAtivoRemote</jndi-name>
            <local-jndi-name>DCCE2.DoceAtivo</local-jndi-name>
        </entity>
        <entity>
            <ejb-name>EmailCadastrado</ejb-name>
            <jndi-name>DCCE2.EmailCadastradoRemote</jndi-name>
            <local-jndi-name>DCCE2.EmailCadastrado</local-jndi-name>
        </entity>
        <entity>
            <ejb-name>FormAvDoceEstProb</ejb-name>
            <jndi-name>DCCE2.FormAvDoceEstProbRemote</jndi-name>
            <local-jndi-name>DCCE2.FormAvDoceEstProb</local-jndi-name>
        </entity>
        <entity>
            <ejb-name>AvDocEstProb</ejb-name>
            <jndi-name>DCCE2.AvDocEstProbRemote</jndi-name>
            <local-jndi-name>DCCE2.AvDocEstProb</local-jndi-name>
        </entity>
        <entity>
            <ejb-name>DoceEstProb</ejb-name>
            <jndi-name>DCCE2.DoceEstProbRemote</jndi-name>
            <local-jndi-name>DCCE2.DoceEstProb</local-jndi-name>
        </entity>
        <entity>
            <ejb-name>AvCursoDoce</ejb-name>
            <jndi-name>DCCE2.AvCursoDoceRemote</jndi-name>
            <local-jndi-name>DCCE2.AvCursoDoce</local-jndi-name>
        </entity>
        <entity>
            <ejb-name>FormAvCurso</ejb-name>
            <jndi-name>DCCE2.FormAvCursoRemote</jndi-name>
            <local-jndi-name>DCCE2.FormAvCurso</local-jndi-name>
        </entity>
        <entity>
            <ejb-name>FormAvDoce</ejb-name>
            <jndi-name>DCCE2.FormAvDoceRemote</jndi-name>
            <local-jndi-name>DCCE2.FormAvDoce</local-jndi-name>
        </entity>
    </enterprise-beans>
</jboss>