<?xml version="1.0" encoding="UTF-8"?>
<!DOCTYPE jboss PUBLIC "-//JBoss//DTD JBOSS 3.2//EN" "http://www.jboss.org/j2ee/dtd/jboss_3_2.dtd">
<jboss>
    <enterprise-beans>
        <entity>
            <ejb-name>Aluno</ejb-name>
            <jndi-name>DCCE3.AlunoRemote</jndi-name>
            <local-jndi-name>DCCE3.Aluno</local-jndi-name>
        </entity>
        <entity>
            <ejb-name>Curso</ejb-name>
            <jndi-name>DCCE3.CursoRemote</jndi-name>
            <local-jndi-name>DCCE3.Curso</local-jndi-name>
        </entity>
        <entity>
            <ejb-name>Disc</ejb-name>
            <jndi-name>DCCE3.DiscRemote</jndi-name>
            <local-jndi-name>DCCE3.Disc</local-jndi-name>
        </entity>
        <entity>
            <ejb-name>Ditu</ejb-name>
            <jndi-name>DCCE3.DituRemote</jndi-name>
            <local-jndi-name>DCCE3.Ditu</local-jndi-name>
        </entity>
        <entity>
            <ejb-name>Doce</ejb-name>
            <jndi-name>DCCE3.DoceRemote</jndi-name>
            <local-jndi-name>DCCE3.Doce</local-jndi-name>
        </entity>
        <entity>
            <ejb-name>Hist</ejb-name>
            <jndi-name>DCCE3.HistRemote</jndi-name>
            <local-jndi-name>DCCE3.Hist</local-jndi-name>
        </entity>
        <entity>
            <ejb-name>Hora</ejb-name>
            <jndi-name>DCCE3.HoraRemote</jndi-name>
            <local-jndi-name>DCCE3.Hora</local-jndi-name>
        </entity>
        <entity>
            <ejb-name>UsuarioSistemas</ejb-name>
            <jndi-name>DCCE3.UsuarioSistemasRemote</jndi-name>
            <local-jndi-name>DCCE3.UsuarioSistemas</local-jndi-name>
        </entity>
        <entity>
            <ejb-name>DoceAtivo</ejb-name>
            <jndi-name>DCCE3.DoceAtivoRemote</jndi-name>
            <local-jndi-name>DCCE3.DoceAtivo</local-jndi-name>
        </entity>
        <entity>
            <ejb-name>EmailCadastrado</ejb-name>
            <jndi-name>DCCE3.EmailCadastradoRemote</jndi-name>
            <local-jndi-name>DCCE3.EmailCadastrado</local-jndi-name>
        </entity>
        <entity>
            <ejb-name>FormAvDoceEstProb</ejb-name>
            <jndi-name>DCCE3.FormAvDoceEstProbRemote</jndi-name>
            <local-jndi-name>DCCE3.FormAvDoceEstProb</local-jndi-name>
        </entity>
        <entity>
            <ejb-name>AvDocEstProb</ejb-name>
            <jndi-name>DCCE3.AvDocEstProbRemote</jndi-name>
            <local-jndi-name>DCCE3.AvDocEstProb</local-jndi-name>
        </entity>
        <entity>
            <ejb-name>DoceEstProb</ejb-name>
            <jndi-name>DCCE3.DoceEstProbRemote</jndi-name>
            <local-jndi-name>DCCE3.DoceEstProb</local-jndi-name>
        </entity>
        <entity>
            <ejb-name>AvCursoDoce</ejb-name>
            <jndi-name>DCCE3.AvCursoDoceRemote</jndi-name>
            <local-jndi-name>DCCE3.AvCursoDoce</local-jndi-name>
        </entity>
        <entity>
            <ejb-name>FormAvCurso</ejb-name>
            <jndi-name>DCCE3.FormAvCursoRemote</jndi-name>
            <local-jndi-name>DCCE3.FormAvCurso</local-jndi-name>
        </entity>
        <entity>
            <ejb-name>FormAvDoce</ejb-name>
            <jndi-name>DCCE3.FormAvDoceRemote</jndi-name>
            <local-jndi-name>DCCE3.FormAvDoce</local-jndi-name>
        </entity>
    </enterprise-beans>
</jboss>