<?xml version="1.0" encoding="UTF-8"?>
<!DOCTYPE jndi-definitions PUBLIC "-//Borland Corporation//DTD JndiDefinitions//EN" "http://www.borland.com/devsupport/appserver/dtds/jndi-definitions.dtd">
<jndi-definitions>
    <visitransact-datasource>
        <jndi-name>serial://datasources/DataSource</jndi-name>
        <driver-datasource-jndiname>serial://datasources/driverDataSource</driver-datasource-jndiname>
        <property>
            <prop-name>connectionType</prop-name>
            <prop-type>Enumerated</prop-type>
            <prop-value>Direct</prop-value>
        </property>
    </visitransact-datasource>
    <visitransact-datasource>
        <jndi-name>serial://datasources/DCCE1</jndi-name>
        <driver-datasource-jndiname>serial://datasources/driverDCCE1</driver-datasource-jndiname>
        <property>
            <prop-name>connectionType</prop-name>
            <prop-type>Enumerated</prop-type>
            <prop-value>Direct</prop-value>
        </property>
        <property>
            <prop-name>dialect</prop-name>
            <prop-type>Enumerated</prop-type>
            <prop-value>none</prop-value>
        </property>
    </visitransact-datasource>
    <visitransact-datasource>
        <jndi-name>serial://datasources/DCCE2</jndi-name>
        <driver-datasource-jndiname>serial://datasources/driverDCCE2</driver-datasource-jndiname>
        <property>
            <prop-name>connectionType</prop-name>
            <prop-type>Enumerated</prop-type>
            <prop-value>Direct</prop-value>
        </property>
        <property>
            <prop-name>dialect</prop-name>
            <prop-type>Enumerated</prop-type>
            <prop-value>none</prop-value>
        </property>
    </visitransact-datasource>
    <driver-datasource>
        <jndi-name>serial://datasources/driverDataSource</jndi-name>
        <datasource-class-name>com.inprise.visitransact.jdbc1w2.InpriseConnectionPoolDataSource</datasource-class-name>
        <property>
            <prop-name>user</prop-name>
            <prop-type>String</prop-type>
            <prop-value />
        </property>
        <property>
            <prop-name>password</prop-name>
            <prop-type>String</prop-type>
            <prop-value />
        </property>
        <property>
            <prop-name>url</prop-name>
            <prop-type>String</prop-type>
            <prop-value />
        </property>
        <property>
            <prop-name>driverClassName</prop-name>
            <prop-type>String</prop-type>
            <prop-value />
        </property>
    </driver-datasource>
    <driver-datasource>
        <jndi-name>serial://datasources/driverDCCE1</jndi-name>
        <datasource-class-name>com.inprise.visitransact.jdbc1w2.InpriseConnectionPoolDataSource</datasource-class-name>
        <property>
            <prop-name>user</prop-name>
            <prop-type>String</prop-type>
            <prop-value>usr_dcce</prop-value>
        </property>
        <property>
            <prop-name>password</prop-name>
            <prop-type>String</prop-type>
            <prop-value>usr_dcce</prop-value>
        </property>
        <property>
            <prop-name>url</prop-name>
            <prop-type>String</prop-type>
            <prop-value>jdbc:microsoft:sqlserver://machadinho:1433</prop-value>
        </property>
        <property>
            <prop-name>driverClassName</prop-name>
            <prop-type>String</prop-type>
            <prop-value>com.microsoft.jdbc.sqlserver.SQLServerDriver</prop-value>
        </property>
    </driver-datasource>
    <driver-datasource>
        <jndi-name>serial://datasources/driverDCCE2</jndi-name>
        <datasource-class-name>com.inprise.visitransact.jdbc1w2.InpriseConnectionPoolDataSource</datasource-class-name>
        <property>
            <prop-name>user</prop-name>
            <prop-type>String</prop-type>
            <prop-value>usr_dcce</prop-value>
        </property>
        <property>
            <prop-name>password</prop-name>
            <prop-type>String</prop-type>
            <prop-value>usr_dcce</prop-value>
        </property>
        <property>
            <prop-name>url</prop-name>
            <prop-type>String</prop-type>
            <prop-value>jdbc:microsoft:sqlserver://machadinho:1433</prop-value>
        </property>
        <property>
            <prop-name>driverClassName</prop-name>
            <prop-type>String</prop-type>
            <prop-value>com.microsoft.jdbc.sqlserver.SQLServerDriver</prop-value>
        </property>
    </driver-datasource>
</jndi-definitions>
